{"cameraMode":{"drawMode":0,"name":"Shaded","section":"Shading Mode"},"sceneLighting":true,"audioPlay":false,"sceneViewState":{"m_AlwaysRefresh":true,"showFog":true,"showSkybox":true,"showFlares":true,"showImageEffects":true,"showParticleSystems":true,"showVisualEffectGraphs":true,"m_FxEnabled":true},"in2DMode":false,"pivot":{"x":0.18561673164367677,"y":0.15001821517944337,"z":-0.669036865234375},"rotation":{"x":0.4806574583053589,"y":0.31699860095977785,"z":-0.19170230627059937,"w":0.7948155999183655},"size":4.006603717803955,"orthographic":false}